{"cameraMode":{"drawMode":0,"name":"Shaded","section":"Shading Mode"},"sceneLighting":false,"audioPlay":false,"sceneViewState":{"m_AlwaysRefresh":false,"showFog":true,"showSkybox":true,"showFlares":true,"showImageEffects":true,"showParticleSystems":true,"showVisualEffectGraphs":true,"m_FxEnabled":true},"in2DMode":false,"pivot":{"x":-140.82981872558595,"y":-58.929779052734378,"z":168.84326171875},"rotation":{"x":-0.15180225670337678,"y":0.021604597568511964,"z":-0.0036267107352614404,"w":-0.9884098172187805},"size":936.500732421875,"orthographic":true}